What is [Blockchain Term] and How Does it Work?,Target Keyword,MSV
What is Blockchain and How Does It Work?,what is blockchain,31000
What is an NFT and How Does It Work?,what is NFT,12000
What is DeFi and How Does It Work?,what is DeFi,3300
What is Staking in Blockchain and How Does It Work?,what is staking,1300
What is Yield Farming in Crypto and How Does It Work?,what is yield farming,1100
What is a Slippage and How Does It Work?,what is slippage,900
What is a Stablecoin and How Does It Work?,what is stablecoin,800
What is an Interoperability and How Does It Work?,what is interoperability,800
What is a Smart Contract and How Does It Work?,what is smart contract,600
What is MEV and Why It Matters,what is MEV,500
What is Sharding in Crypto and How Does It Work?,what is sharding,500
What is an EVM and How Does It Work?,what is EVM,400
What is Proof Of Stake and How Does It Secure the Blockchain?,what is proof of stake,350
What is TVL and Why It Matters,what is TVL,250
What is a Hash Rate and How Does It Work?,what is hash rate,200
What is a Wallet and How Does It Work?,what is wallet,200
What is Minting in Crypto and How Does It Work?,what is minting,200
What is Proof Of Work and How Does It Secure the Blockchain?,what is proof of work,200
What is a Tokenomics and How Does It Work?,what is tokenomics,150
What is a Rug Pull and How Does It Work?,what is rug pull,150
What is a Mainnet and How Does It Work?,what is mainnet,150
What is Liquid Staking in Crypto and How Does It Work?,what is liquid staking,150
What is a Layer 1 Blockchain and How Does It Work?,what is layer 1 blockchain,100
What is a Whale and How Does It Work?,what is whale,100
What is a Composability and How Does It Work?,what is composability,100
What is an Impermanent Loss and How Does It Work?,what is impermanent loss,80
What is a Liquidity Pool and How Does It Work?,what is liquidity pool,70
What is a Sidechain and How Does It Work?,what is sidechain,70
What is Slashing in Crypto and How Does It Work?,what is slashing,60
What is a Cold Wallet and How Does It Work?,what is cold wallet,50
What is a DAOs and How Does It Work?,what is DAOs,50
What is a Testnet and How Does It Work?,what is testnet,50
What is a Zero-knowledge Proof and How Does It Work?,what is zero-knowledge proof,40
What is a Block Time and How Does It Work?,what is block time,40
What is a Hot Wallet and How Does It Work?,what is hot wallet,40
What is a Block Explorer and How Does It Work?,what is block explorer,40
What is an Oracles and How Does It Work?,what is oracles,40
What is a Rollup and How Does It Work?,what is rollup,30
What is Proof Of History and How Does It Secure the Blockchain?,what is proof of history,30
What is a Governance Token and How Does It Work?,what is governance token,20
What is a Custodial Wallet and How Does It Work?,what is custodial wallet,20
What Are Airdrops and How Do They Work?,what is airdrops,20
What Are Staking Rewards and How Do They Work?,what is staking rewards,20
What is a Hard Fork and How Does It Work?,what is hard fork,20
What is Front-running in Crypto and How Does It Work?,what is front-running,20
What Are Gas Fees and How Do They Work?,what is gas fees,10
What is a Consensus Mechanism and How Does It Work?,what is consensus mechanism,10
What is a Validator and How Does It Work?,what is validator,10
What is a Non-custodial Wallet and How Does It Work?,what is non-custodial wallet,10
What is a Flash Loan and How Does It Work?,what is flash loan,10
What is an Atomic Swap and How Does It Work?,what is atomic swap,10
What is a Block Height and How Does It Work?,what is block height,10
What is a Genesis Block and How Does It Work?,what is genesis block,10
What is a Block Reward and How Does It Work?,what is block reward,10
What is a Token Burn and How Does It Work?,what is token burn,10
What is a Smart Contract Audit and How Does It Work?,what is smart contract audit,10
What Are Event Logs and How Do They Work?,what is event logs,10
What is the IBC Protocol and How Does It Work?,what is IBC protocol,10
What is a Layer 2 Solution and How Does It Work?,what is layer 2 solution,n/a
What Are zk-SNARKs and How Do They Work?,what is zk-SNARKs,n/a
What is a Cross-chain Bridge and How Does It Work?,what is cross-chain bridge,n/a
What is a Governance Proposal and How Does It Work?,what is governance proposal,n/a
What is a Soft Fork and How Does It Work?,what is soft fork,n/a
What is a Gas War and How Does It Work?,what is gas war,n/a
What is a Chain Reorg and How Does It Work?,what is chain reorg,n/a
What is a Rebase Token and How Does It Work?,what is rebase token,n/a
What is a Wrapped Token and How Does It Work?,what is wrapped token,n/a
What is a Burn Mechanism and How Does It Work?,what is burn mechanism,n/a
Rollup Vs Sidechain: Key Differences Explained,what is rollup vs sidechain,n/a
What is Delegated Staking in Crypto and How Does It Work?,what is delegated staking,n/a
What is a Validator Set and How Does It Work?,what is validator set,n/a
What is a Light Client and How Does It Work?,what is light client,n/a
What is a Trustless Bridge and How Does It Work?,what is trustless bridge,n/a
What is a Multi-sig Wallet and How Does It Work?,what is multi-sig wallet,n/a
What is a Crypto Oracle and How Does It Work?,what is crypto oracle,n/a
What is a Smart Contract Upgradeability and How Does It Work?,what is smart contract upgradeability,n/a
What is a Gas Optimization and How Does It Work?,what is gas optimization,n/a
What is an Interchain Security and How Does It Work?,what is interchain security,n/a
What is a Validator Commission and How Does It Work?,what is validator commission,n/a
What is a LSDfi and How Does It Work?,what is LSDfi,n/a